{
  "cols": 2,
  "data": {
    "0": [
      0.1,
      0.7666666666666667
    ],
    "1": [
      0.2142857142857143,
      0.7666666666666667
    ],
    "10": [
      0.1,
      0.9
    ],
    "11": [
      0.5571428571428572,
      0.7666666666666667
    ],
    "12": [
      0.32857142857142857,
      0.6333333333333333
    ],
    "13": [
      0.2142857142857143,
      0.9
    ],
    "14": [
      0.9,
      0.7666666666666667
    ],
    "15": [
      0.1,
      0.6333333333333333
    ],
    "16": [
      0.7857142857142857,
      0.5
    ],
    "17": [
      0.6714285714285715,
      0.5
    ],
    "18": [
      0.5571428571428572,
      0.3666666666666667
    ],
    "19": [
      0.6714285714285715,
      0.3666666666666667
    ],
    "2": [
      0.9,
      0.5
    ],
    "20": [
      0.7857142857142857,
      0.6333333333333333
    ],
    "21": [
      0.1,
      0.1
    ],
    "22": [
      0.2142857142857143,
      0.1
    ],
    "23": [
      0.32857142857142857,
      0.23333333333333334
    ],
    "24": [
      0.6714285714285715,
      0.23333333333333334
    ],
    "25": [
      0.5571428571428572,
      0.1
    ],
    "26": [
      0.9,
      0.1
    ],
    "27": [
      0.9,
      0.23333333333333334
    ],
    "28": [
      0.7857142857142857,
      0.23333333333333334
    ],
    "29": [
      0.6714285714285715,
      0.1
    ],
    "3": [
      0.5571428571428572,
      0.5
    ],
    "30": [
      0.7857142857142857,
      0.1
    ],
    "31": [
      0.9,
      0.3666666666666667
    ],
    "32": [
      0.44285714285714284,
      0.1
    ],
    "33": [
      0.7857142857142857,
      0.3666666666666667
    ],
    "34": [
      0.32857142857142857,
      0.1
    ],
    "35": [
      0.5571428571428572,
      0.23333333333333334
    ],
    "36": [
      0.44285714285714284,
      0.23333333333333334
    ],
    "37": [
      0.2142857142857143,
      0.23333333333333334
    ],
    "38": [
      0.44285714285714284,
      0.3666666666666667
    ],
    "39": [
      0.1,
      0.3666666666666667
    ],
    "4": [
      0.44285714285714284,
      0.5
    ],
    "40": [
      0.1,
      0.5
    ],
    "41": [
      0.32857142857142857,
      0.7666666666666667
    ],
    "42": [
      0.44285714285714284,
      0.6333333333333333
    ],
    "43": [
      0.5571428571428572,
      0.6333333333333333
    ],
    "44": [
      0.1,
      0.23333333333333334
    ],
    "45": [
      0.6714285714285715,
      0.6333333333333333
    ],
    "46": [
      0.6714285714285715,
      0.7666666666666667
    ],
    "47": [
      0.9,
      0.6333333333333333
    ],
    "48": [
      0.44285714285714284,
      0.7666666666666667
    ],
    "49": [
      0.2142857142857143,
      0.6333333333333333
    ],
    "5": [
      0.2142857142857143,
      0.5
    ],
    "50": [
      0.7857142857142857,
      0.7666666666666667
    ],
    "6": [
      0.32857142857142857,
      0.3666666666666667
    ],
    "7": [
      0.32857142857142857,
      0.5
    ],
    "8": [
      0.2142857142857143,
      0.3666666666666667
    ],
    "9": [
      0.32857142857142857,
      0.9
    ]
  }
}
