{
  "cols": 2,
  "data": {
    "0": [
      0.014086302522769656,
      0.8610066771500979
    ],
    "1": [
      0.17991447037106698,
      0.8368798655715384
    ],
    "10": [
      0.0,
      0.936224075699137
    ],
    "11": [
      0.5205497877911798,
      0.8136702656179081
    ],
    "12": [
      0.2472347661540531,
      0.8962916853452001
    ],
    "13": [
      0.13029674874317757,
      0.9667578347594986
    ],
    "14": [
      0.589297488861078,
      0.965379435533576
    ],
    "15": [
      0.09724093792004972,
      0.9756266055101972
    ],
    "16": [
      0.7664661405425127,
      0.3564375938004225
    ],
    "17": [
      0.7094883728157512,
      0.4236994689884401
    ],
    "18": [
      0.5834519973866179,
      0.39340444040311245
    ],
    "19": [
      0.7222230471813084,
      0.24652525892616486
    ],
    "2": [
      0.866587322688328,
      0.31647738349178206
    ],
    "20": [
      0.7572604959718441,
      0.43279896008510654
    ],
    "21": [
      0.27147947487143953,
      0.3557870808649645
    ],
    "22": [
      0.385171858327015,
      0.3742349308039833
    ],
    "23": [
      0.40082221312825395,
      0.30278948952321105
    ],
    "24": [
      0.7875516521393108,
      0.1227948393103412
    ],
    "25": [
      0.6785432919226458,
      0.08347232723222445
    ],
    "26": [
      0.9199551953292453,
      0.0
    ],
    "27": [
      1.0,
      0.04966362965889914
    ],
    "28": [
      0.8494071969635225,
      0.07927473677526473
    ],
    "29": [
      0.7877683152172302,
      0.017379327909107827
    ],
    "3": [
      0.5584747576451209,
      0.46998422816050667
    ],
    "30": [
      0.8367019418173409,
      0.031400697815419765
    ],
    "31": [
      0.9204115620320532,
      0.06070187305313473
    ],
    "32": [
      0.67216249564999,
      0.1426187138974902
    ],
    "33": [
      0.7772660128166964,
      0.17440092625125966
    ],
    "34": [
      0.45500656141896173,
      0.187717322168274
    ],
    "35": [
      0.5646844397175311,
      0.17892921950579302
    ],
    "36": [
      0.5287383221444073,
      0.2343570889586797
    ],
    "37": [
      0.2508405105388246,
      0.2872212512134325
    ],
    "38": [
      0.4860652410016613,
      0.3487357820781947
    ],
    "39": [
      0.14250614040506143,
      0.8093854081852007
    ],
    "4": [
      0.5199085722290926,
      0.435581846100417
    ],
    "40": [
      0.1201989032903501,
      0.8973317033577619
    ],
    "41": [
      0.2622593936778187,
      0.8653815958583355
    ],
    "42": [
      0.38879377452418173,
      0.8313213818315351
    ],
    "43": [
      0.43380364260130655,
      0.8653133379852772
    ],
    "44": [
      0.16334749016043482,
      0.37251329745924405
    ],
    "45": [
      0.4385326507578376,
      0.9391872704256461
    ],
    "46": [
      0.5493982348567178,
      0.8693637454844674
    ],
    "47": [
      0.5229439730821067,
      0.9181503969217136
    ],
    "48": [
      0.38307664978040845,
      0.9273032563487045
    ],
    "49": [
      0.23164094424990786,
      1.0
    ],
    "5": [
      0.1509199465449777,
      0.43783220229815617
    ],
    "50": [
      0.4846665820530705,
      0.9925653299586704
    ],
    "6": [
      0.3785238196750077,
      0.46853032692077956
    ],
    "7": [
      0.34332188311928236,
      0.44340780077092046
    ],
    "8": [
      0.21901244982551185,
      0.42081895510783734
    ],
    "9": [
      0.3180258469868777,
      0.9602499488475779
    ]
  }
}
