{
  "cols": 2,
  "data": {
    "0": [
      0.7875590408428916,
      0.7922075307684969
    ],
    "1": [
      0.8749092188373592,
      0.8729814641891824
    ],
    "10": [
      0.1321266720700938,
      0.9093095579602054
    ],
    "11": [
      0.6005081908527546,
      0.776618168586157
    ],
    "12": [
      0.7223538319720143,
      0.9532491402076175
    ],
    "13": [
      0.1706619170266942,
      0.9576247009655351
    ],
    "14": [
      0.5024856274472305,
      0.9436359070246487
    ],
    "15": [
      0.27772375545001915,
      0.9876207102437543
    ],
    "16": [
      0.7280795932934064,
      0.38817129871766526
    ],
    "17": [
      0.8545402414003211,
      0.4685785978614792
    ],
    "18": [
      0.6883416331418081,
      0.549829493006223
    ],
    "19": [
      0.5457839929188952,
      0.27215622610872703
    ],
    "2": [
      0.8693325159261684,
      0.3480595360097611
    ],
    "20": [
      0.7953906295494713,
      0.510816597598492
    ],
    "21": [
      0.1396322768478462,
      0.4183418302360307
    ],
    "22": [
      0.34753665393034106,
      0.43872801331292566
    ],
    "23": [
      0.2830790253920166,
      0.36428209400000316
    ],
    "24": [
      0.5185619167738971,
      0.12436312407148856
    ],
    "25": [
      0.32372874192757656,
      0.09383098460495995
    ],
    "26": [
      0.415574651092898,
      0.004702268023422976
    ],
    "27": [
      0.6841998371993557,
      0.04320534414167947
    ],
    "28": [
      0.6069001055174535,
      0.06695223953932625
    ],
    "29": [
      0.546067284862928,
      0.018238000947577115
    ],
    "3": [
      0.5831353425964202,
      0.4539173407878066
    ],
    "30": [
      0.3927065796870779,
      0.047155833492673056
    ],
    "31": [
      0.6007334750269336,
      0.0
    ],
    "32": [
      0.616795592888205,
      0.16148206762151693
    ],
    "33": [
      0.44234396374759194,
      0.17580969206682726
    ],
    "34": [
      0.22082875869590674,
      0.21817765394785923
    ],
    "35": [
      0.3130059330328888,
      0.22468951491579814
    ],
    "36": [
      0.27966819108931723,
      0.2841014023651213
    ],
    "37": [
      0.09615439999358298,
      0.34945691083436703
    ],
    "38": [
      0.46968445094961114,
      0.4034349760098829
    ],
    "39": [
      1.0,
      0.9076073597517023
    ],
    "4": [
      0.5938273627527672,
      0.48278142631393683
    ],
    "40": [
      0.5194924308687052,
      0.8159155463365425
    ],
    "41": [
      0.8528877712298608,
      0.9707651835914414
    ],
    "42": [
      0.7985017837830595,
      0.8974586283707867
    ],
    "43": [
      0.6853546197451257,
      0.8577698516398314
    ],
    "44": [
      0.0,
      0.4763572039041374
    ],
    "45": [
      0.4393701459559885,
      0.88491499579072
    ],
    "46": [
      0.3224633047371176,
      0.7835220542831566
    ],
    "47": [
      0.5779775049278026,
      0.9156145480644078
    ],
    "48": [
      0.2526784342492832,
      0.8716082011947092
    ],
    "49": [
      0.5234515646207188,
      1.0
    ],
    "5": [
      0.19569410223423608,
      0.47507247692769383
    ],
    "50": [
      0.3852635775484011,
      0.9442000375738969
    ],
    "6": [
      0.4140729193589228,
      0.4916433895210587
    ],
    "7": [
      0.3275187232587835,
      0.5273008522160451
    ],
    "8": [
      0.10977358203306273,
      0.5060019575637592
    ],
    "9": [
      0.3065270607804786,
      0.8391591189774329
    ]
  }
}
